[
  {
    "id": "9e5233bd-0570-43e4-b43c-7d93604a2ae7",
    "data": [
      {
        "text": "where i can study machine learning in affordable cost",
        "userDefined": false
      }
    ],
    "isTemplate": false,
    "count": 0,
    "lang": "en",
    "updated": 0
  },
  {
    "id": "1b24b8a1-5074-4c1c-ba91-7a767823285c",
    "data": [
      {
        "text": "which is the best platform for machine learning",
        "userDefined": false
      }
    ],
    "isTemplate": false,
    "count": 0,
    "lang": "en",
    "updated": 0
  },
  {
    "id": "084a3eff-5bc7-4740-b971-08eebdaca807",
    "data": [
      {
        "text": "where i can study data science easily",
        "userDefined": false
      }
    ],
    "isTemplate": false,
    "count": 0,
    "lang": "en",
    "updated": 0
  },
  {
    "id": "326d6915-11aa-4345-9e78-b445999b5a10",
    "data": [
      {
        "text": "what is the best platform for data science course",
        "userDefined": false
      }
    ],
    "isTemplate": false,
    "count": 0,
    "lang": "en",
    "updated": 0
  },
  {
    "id": "fc3e3f7e-6a13-416f-8675-bafad08b5a94",
    "data": [
      {
        "text": "what is the top ",
        "userDefined": false
      },
      {
        "text": "10",
        "meta": "@sys.number",
        "alias": "number",
        "userDefined": false
      },
      {
        "text": " courses to study as a engineering student",
        "userDefined": false
      }
    ],
    "isTemplate": false,
    "count": 0,
    "lang": "en",
    "updated": 0
  },
  {
    "id": "85030bee-5c77-4dee-aa98-89e7cfefa56b",
    "data": [
      {
        "text": "what is the best courses",
        "userDefined": false
      }
    ],
    "isTemplate": false,
    "count": 0,
    "lang": "en",
    "updated": 0
  }
]